Country,2000,2001,2002,2003,2004,2005,2006,2007,2008,2009,2010,2011,2012,2013,2014,2015,2016,2017,2018,2019,2020,2021,2022
Estados Unidos,3103283620,2824256189,2891973131,3364011854,3722640886,4493053976.09,4025330031.41,4153418984.27,5095475876.94,3474078038.2,3544826287.95,4247673764.02,3978921116.18,4106704989.2,4017987209.66,3393972366.16,4427764196.26,4446675103.41,4192440118.38,4026924837.96,3262797725.67,4921193678.66,6616341326.66
Chile,2674147462,2849376543,2957813069,3537586973,3834624130,4499690950.82,4403814877.06,4180180418.04,4712567976.18,4386656154.99,4493082975.52,4772318043.96,5051833888.29,3823118433.88,2792208417.82,2404533452.03,2306087499.66,2648393034.18,3059189997.8,3043768396.85,2883714205.39,4204882098.8,5019868878.04
España,915374535,1093297874,1135063165,1388273923,1354706474,1567002720.98,1825811423.48,2064842545.67,2767883608.77,1852418118.28,2241800597.61,3041932774.71,2514557423.2,1669472303.02,1693950935.88,1364070800.07,1647718588.9,1485678509.71,1593679273.4,1426669395.13,1102114178.66,1848774605.67,1735099835.49
China,796927268,1124174312,1093519211,2483056827,2627855639,3192647255.04,3475852591.52,5169816507.78,6354956741.33,3666460592.53,5798857972.81,6033117421.81,5068295629.06,5511587664.7,4459977676.38,5172217719.21,4433497800.73,4338719451.65,4223854406.77,6814084653.77,5237047104.91,6155976377.3,7928765039.88
Países Bajos,746205752,801553115,1037757861,1096731520,1242529901,1351982100.13,1444647727.24,1797425781.12,2961679063.23,2392142400.58,2369769934.04,2548736379.77,2204214624.96,1912957945.39,1574555521.81,1213575919.75,1182782189.09,1394020231.07,1717758880.08,1806271014.98,1591976865.13,2984597639.68,3566770755.45
Italia,734571084,853119050,851111114,930663308,947910764,983504121.75,1095553696.5,1387220953.36,1688005113.73,1501359668.62,1586014246.27,1979472331.27,1118830595.15,1080873264.6,1030939590.65,957063579.77,1006318619.69,1042625902.7,1090369101.89,1000380195.52,814874781.41,974029578.48,1064997131.29
Alemania,595469169,455497710,604886253,719297425,727317238,870993886.96,1124426407.4,1264813659.89,1507966543.0,1391484748.34,1832055667.99,2485979752.48,1970216475.07,1637227523.5,1536738696.86,1344333735.01,1271520126.47,1172398767.47,1054888129.28,938572466.82,722519302.37,810665236.96,887391021.61
Francia,531981694,257298371,312743951,329963656,294985343,380838183.99,553352550.95,605104404.7,913966452.35,446145823.41,527115477.46,575996097.32,413415921.09,431185007.4,320290442.0,365080719.11,367723297.9,298255130.56,406373566.2,346885846.47,360036980.39,431975052.39,477910621.15
India,437132686,435176485,444505904,558493095,567476858,739135838.35,908613316.55,868679626.55,829748793.59,648330829.98,1321491007.44,968772909.54,1186810267.01,1089096312.0,1810469123.58,2003199267.86,2202687501.91,2081099277.25,1600878754.14,2157110625.98,2507338516.37,4293273360.13,4542503306.4
Japón,379783229,350845698,369528917,347107701,362821466,304185189.31,398009350.3,686147550.84,519301263.96,493393382.25,853777849.48,842992617.45,1207486041.82,1391731303.99,748396340.5,572731847.37,657635828.24,638724061.98,486214469.54,452781758.63,317166956.27,721943983.15,794564190.92
Egipto,348917209,346945501,405342131,447086900,596907327,558803246.21,324130284.87,577471653.79,1075235421.73,591612721.37,979114722.21,1707410720.61,1013232674.08,1254550868.4,1051059716.05,1071884317.08,1791668832.18,1262592543.21,990710706.75,984659090.51,1171801865.65,1535629139.03,928195501.27
México,326354909,485188708,670361239,796309311,1035907729,1158662018.91,1519174805.16,1439485778.06,1336503508.44,935185967.25,1230645434.41,921285265.56,889136695.44,970251365.6,907503152.21,820451952.67,780489365.44,650148872.07,737209778.66,667479823.79,437808106.22,696174781.0,1116947033.21
Bélgica,311933831,290400343,250254607,232327491,248841392,261974974.84,298299529.95,408933455.28,543068398.61,456786751.65,348822476.93,465102302.0,448536625.13,300360984.9,300299052.65,332226400.84,387508684.62,414096102.56,382443132.47,405535075.6,250523188.68,419762151.97,492034394.52
Perú,295272066,394134556,444760870,415114712,499818880,599583423.29,728912984.55,958019826.23,1312615449.88,794704916.080001,1131982434.19,1793980270.78,1924853113.87,1420998195.72,1113946069.87,720480565.95,821401825.11,1073498373.71,1169007981.39,1586590301.63,1377712942.28,2007648016.3,2438979397.05
Canadá,271588402,224877249,186342679,214256808,176578928,303147804.32,437450735.43,349991278.37,470701999.98,466849968.88,1401222653.63,2383290560.2,2213448753.24,1702908008.59,1655816179.44,1292228964.95,1147785166.14,1342480865.22,1339456188.16,650698103.12,438529271.35,704964435.69,874111387.4
Bolivia,268840104,269283364,299478151,242072741,298537144,380078911.77,380544138.51,463486225.9,606845400.84,580916815.35,608412415.63,757408840.99,852160026.65,792976401.19,792184703.43,621854385.0,562974038.98,616711864.54,657908001.47,615485421.04,522508690.2,564622320.18,543456809.99
Reino Unido,262234134,290831379,379704450,384427339,405871768,374678963.44,490632172.55,694117197.24,814216410.58,761806016.57,755742048.96,786998201.09,818080472.57,645917858.1,885492073.23,721111136.46,697420902.74,784191520.34,832513041.69,731812557.0,625087046.32,760357533.74,683605257.58
Malasia,242903751,291815089,215448907,216281481,275585203,420040999.39,531547381.91,567989314.12,461821346.78,551661409.65,813081703.47,973594762.53,993685227.43,962619478.27,940661781.95,839382942.47,999702136.6,866997842.9,957171756.04,884051869.65,945272898.72,1426079497.88,1490832489.1
Venezuela,217788279,234988138,148469895,139752819,438111765,513386093.4,809479939.7,1178485814.56,1419683672.0,1042565153.98,1426227528.92,1867143243.31,2220365762.53,2156780840.09,1987166177.93,1370005961.01,706919207.19,246173940.64,359420936.1,126156880.28,103952745.08,175157346.84,227340082.99
Dinamarca,202925925,228127365,212311008,259569233,289047931,290512516.07,292163507.99,350269796.88,497006111.74,440166284.07,344333492.3,425162686.45,409187268.41,277185032.45,306159538.23,281610530.84,236456284.83,225751860.53,273318987.87,194607855.61,195993390.17,183418122.11,133982969.94
Tailandia,187905054,304385372,312205762,431413070,287583164,312158693.72,285313924.57,366708457.91,395065787.6,421116482.4,440937284.68,518424354.99,682704715.53,924547089.43,619669647.35,397382095.25,571889038.0,526548893.17,536824693.65,600325219.75,414530372.06,432050983.49,344603583.44
Portugal,132605962,135392470,130937340,136172979,131035197,120725380.91,79613184.66,193191374.2,334229381.07,121280273.55,87389353.32,118387309.92,71801940.07,58294078.67,55577997.1,46245708.59,116160873.6,95966677.84,68895554.11,99858859.51,84669788.96,140194470.9,181186341.79
Bangladesh,132113644,100932253,82971804,140422001,142944321,162691242.38,140010770.63,310312095.96,204627530.86,214003761.99,214860979.8,442617211.12,358214528.36,309840530.39,358983707.19,277303716.11,489732449.37,583691726.94,531190114.23,605533101.62,456241906.88,875658773.46,742899749.29
Colombia,130741050,187055780,188729554,226551928,273872094,361062883.43,550872720.97,576450614.29,810319361.28,874363998.18,1302600875.76,1806028969.21,2079591109.04,1530541046.62,860275100.94,394004917.84,528150724.64,561330664.55,650843327.51,895809285.44,586711441.54,1129879435.9,1426405351.55
Rusia,103442248,150725444,149531023,199601346,359450673,670587928.22,901389950.46,784576192.92,969873540.55,825019307.83,635988675.49,767586562.07,745129503.58,725834438.91,730040309.64,473022251.66,491720222.06,518784341.12,759296487.61,650289677.37,610481654.86,679975782.07,498405053.69
Emiratos Arabes Unidos,94536789,100337499,112188297,184508670,189919616,216646759.03,159636347.01,191225235.48,356852219.85,237340158.54,272202905.46,337236271.69,280624031.12,256390142.94,200134257.14,173729521.65,240154896.06,225816227.58,227910404.57,453489383.41,541587168.11,773538971.28,951015761.3
Jordania,88157687,121325934,108017804,72165181,75981885,68136154.77,46582347.69,25218183.9,23656319.09,51953542.5,65434215.48,182121320.66,218935526.25,245126662.59,273693205.35,213390789.56,222385018.04,250499220.59,237418759.69,169997795.87,205451500.73,304789101.26,304443194.04
Hong Kong,87961997,100096969,83248488,97757459,108256453,142916138.06,170047116.46,193213276.62,207436104.2,282028758.93,317873635.0,322789530.03,310287669.59,325748670.72,331949308.12,214415790.83,235333162.86,267770309.69,273291843.26,234760150.56,152179977.15,139300054.88,85865554.28
Marruecos,87780706,117072931,98161666,175275538,209682028,199614703.19,232663537.1,353759643.74,491220627.63,123897870.88,235463859.17,423891789.02,516053752.78,484526042.0,536290136.79,331554976.02,368735989.86,509120690.53,374560961.94,611690990.09,487727935.96,679273545.41,943937646.53
Grecia,81527209,65937822,71222211,116972685,114605719,70154200.37,76961382.76,121693244.01,117661209.37,141546306.23,111445813.3,127886489.77,109286641.32,130934457.51,135189343.66,127918922.34,124386427.01,141484250.62,184059940.85,152219728.12,175291189.37,238361638.44,257888246.87
Turquía,79841530,55279773,78280159,167454341,235290463,211427178.7,243528497.02,271823627.58,518603973.87,183204676.73,199355108.59,563695943.87,302021297.77,451432512.58,375177142.84,334798843.32,486655434.44,477944242.6,454932721.15,514395090.91,517649340.02,557476613.83,711283354.35
Tunicia,72506951,83310430,92532605,101207311,114316372,111293720.29,132457263.11,166507960.21,349987617.99,110018321.13,122818657.74,283544921.84,175880013.64,206701140.8,166168414.67,70008773.06,125367732.94,135193463.45,67488293.38,121613822.91,106346840.35,164348353.76,214206797.07
Indonesia,70203711,43257071,72444091,73571792,248361372,370344765.76,316883274.85,408666126.43,405709710.2,603956166.3,852441664.07,1366928752.25,1549438818.72,1469194276.87,1239638889.64,1079251784.38,1243342508.36,1073799236.04,1282750324.09,1622562472.9,1317712823.87,1862979945.41,2105086018.12
Argelia,69888036,158442439,116564321,207961615,452048352,452468347.3,537743007.0,765293676.5,891611548.25,709993445.87,1012043620.07,1656128960.4,1465525991.92,1563986505.56,1601191339.26,1147799629.7,1163610478.5,1474694372.21,1726084942.93,1523638991.49,1095321247.38,1467376990.24,1597328312.72
Australia,68456002,66329541,95314289,115919397,123602965,145161753.53,135366449.29,210677991.74,309376167.47,242346473.04,286693372.13,588849133.86,585000864.85,736647458.9,708862637.32,609439771.03,516589634.89,626330684.22,620866531.19,526848031.64,567302085.31,620719211.13,646649398.07
Taiwán,64397680,31286740,83638454,125918235,83150991,107750142.2,83768587.81,85691822.55,74346042.3,68140733.08,221165050.03,173824629.4,307351197.64,382983308.49,145490511.65,81585750.91,81294930.22,107198273.11,102431848.69,163873411.53,187053179.68,336715793.35,437059453.84
Israel,64011909,86858340,62167298,99707915,174754893,208409133.6,134853990.93,212693727.35,219642767.93,267238579.53,223064198.99,232870356.06,225655791.56,199469475.26,181270617.11,182744520.57,196429300.91,202489162.73,218092767.59,233409748.51,286617105.92,366419999.52,401205883.13
Ecuador,62682203,103010566,162558106,135757831,196320357,264590426.22,302419863.71,345436193.27,458071690.12,454573715.76,501375139.81,484975277.73,417795548.81,346989153.12,398789382.08,212769270.6,241349621.0,379114842.38,408389479.97,281614693.97,212222560.61,504208463.08,649845051.25
Nueva Zelanda,61359785,5607812,9836433,11012180,11399654,14623379.22,14371422.03,30683014.72,39007001.58,45916055.73,49997521.91,87793402.76,117040061.31,128524576.33,139021745.1,116807530.25,97056412.04,159498292.24,124763794.8,142427400.01,156956718.57,183232083.02,210353306.53
Suiza,60635431,30444149,19102619,22027579,20927044,97277122.44,518513517.89,536873289.26,757957387.24,946245547.73,1017008312.56,566962441.69,656640098.99,561157297.22,544939603.42,1256768694.73,1137463146.25,1262700876.36,1291386067.14,1689665364.82,1020723260.39,954544420.18,1089068918.06
Suecia,58520277,21142043,41560829,70449127,48702231,27359430.97,34758581.73,60468916.56,45960085.55,40224403.42,49539316.15,57008362.0,71665389.26,70785683.72,61195039.95,56195229.21,70063132.55,49212229.96,44298040.28,43304390.94,27202796.71,24769470.19,38750988.45
República Dominicana,55931031,61874174,69765558,69664649,108084739,123270635.7,149169209.54,198483290.62,179967486.73,139637362.74,156465848.18,232212055.75,243934225.36,258413275.54,121998362.34,112846196.46,143863497.93,109990938.04,128332994.77,171776013.78,108982082.47,328131872.97,507621104.55
Libia,53734215,23940467,18350739,21776726,53608210,60223769.27,83792693.46,122532268.54,192437522.87,110515451.93,137322697.38,60486872.43,95540624.82,128750927.19,175245959.49,71112624.81,67977961.88,31406727.36,63907073.94,61898314.41,39538208.9,128876454.99,162382595.86
Cuba,53021635,48760920,22086316,23239951,91360842,96840548.58,95800122.34,100718538.19,84442287.78,52086515.46,88603423.12,112915897.16,106709193.65,307422693.4,272953546.75,276160273.25,324237712.66,195863942.81,253908218.38,279548792.88,273731230.75,328993309.17,243823062.51
Pakistán,50743731,20200209,58501118,55222556,42916660,39090398.96,58347782.01,79975945.63,153144954.03,50020538.17,45392263.35,40696871.24,66759480.17,146039295.31,281105732.85,397883877.99,245937178.48,172129765.94,104773893.79,101912418.28,124425694.26,131279154.55,235830644.03
Finlandia,49626380,49415147,48140355,81141374,76614440,58718233.65,111983930.19,149952810.34,31986254.56,18239604.33,17102694.45,52345066.06,50131127.91,85191996.48,42497223.23,10395086.58,147524598.79,96134227.82,8502105.78,7323644.01,6238392.66,7886600.77,10199325.37
Nigeria,46149432,60251881,73622163,70206512,98954322,108388636.54,158092997.88,302801544.99,190898392.69,94202595.4,80671368.0,86543598.15,151175201.79,107058030.05,67374615.1,88762495.62,38251684.63,86631769.5,85055021.91,110254035.81,118129915.16,173585596.98,279322417.74
Puerto Rico,45429699,59825390,88048627,109611650,94943552,78839385.73,93783276.98,193077755.47,306291953.91,206282389.59,123880721.16,53281691.27,44110350.15,75472502.72,63661039.87,40372175.36,62858627.83,56912683.46,44593278.74,39306311.1,41975638.26,73904298.98,84472450.54
Kenia,41575569,43021988,16889321,7365936,78681033,25524394.11,15305186.23,50491783.07,92881442.47,22557812.7,5911683.64,43524217.33,106190055.68,11385296.86,8019427.06,15058444.9,23476830.15,83793684.8,93938619.92,139892112.97,129490135.87,148303877.26,151304074.36
Arabia Saudita,37511147,57196771,86921067,136948774,174857009,233014327.77,343676613.17,372485659.89,445415294.68,312113701.51,309257944.75,626297808.83,789035513.4,1163011937.09,811917782.63,421377686.07,664231276.98,708195308.88,933300321.43,1009411681.48,957847068.89,850454524.51,1184568596.73
Polonia,34669993,32647965,53481362,127682701,183397583,300884864.49,338689609.65,417089980.91,471496713.35,428671282.15,460649086.04,567860474.41,556112817.25,620530775.76,731423859.55,562254335.04,634912364.85,573126386.97,631148010.16,506023500.68,576342564.13,788555600.3,919870679.75
El Salvador,34497862,50918154,10313285,19008762,56574107,59905897.93,95408908.19,93071843.07,37011560.89,13332195.98,13771682.64,14845563.77,30395376.99,31711127.76,15446448.99,10150414.46,12790216.21,32997019.3,44225060.47,40131105.72,30143548.22,56636095.57,68335216.18
Guatemala,33683283,43766296,47551729,75165102,87544642,126248349.0,171814063.87,154398832.45,107246582.2,92422914.77,79592994.19,99655899.95,133844852.91,150692797.88,55607868.38,68116590.6,72115501.86,147241611.83,127761563.57,144575341.66,124578365.01,231658098.63,302325908.67
Yemen,31772180,37248058,39133890,38467978,39861159,68117816.31,68844690.08,101723104.4,50409279.85,140186119.7,101813455.14,185563583.2,227318537.41,204470037.68,207435802.05,129468833.71,167766660.87,159881961.4,203153067.58,173475114.69,215266214.07,274611575.19,290679036.12
Irak,31448576,53948674,50022878,15446678,34306809,18769682.38,30940514.87,16854443.43,20393202.51,132054137.76,23199821.92,61346837.17,104352977.75,116105013.44,145152194.43,88324968.75,98380633.02,194555020.92,224459818.34,192056626.7,296719830.95,407036192.76,334744824.81
Costa Rica,30896391,34227693,27192540,35456037,59214589,55682646.0,99507534.75,103446765.32,130075211.89,159580107.33,162007090.21,139599436.39,100445086.71,106599776.78,51258797.93,47472392.15,48290647.07,112421856.15,94322294.19,106704025.92,81773108.47,92095160.28,149858561.57
Líbano,30396090,16658399,32583229,31078701,33361468,27866151.01,27516916.62,45945784.51,48632008.19,48684428.91,60326323.08,81590530.76,82873756.25,103255920.93,127818649.97,94389894.97,98609431.66,102844617.58,116479207.65,95819406.28,101704130.79,90204562.82,107050769.06
Singapur,28319517,28459245,15954402,9769685,14674193,16720035.08,44108330.86,26465808.23,57790841.16,35675613.46,37616338.63,62154079.42,48379369.63,114428716.56,140180688.85,144147029.95,52121596.14,38479125.83,47361533.51,102982331.28,60202850.96,81403083.77,112008020.3
Vietnam,26737329,60344272,71820546,137123099,146285017,197308303.63,204580859.13,330842502.05,328141933.59,547244022.05,655729778.05,680394780.15,800855888.6,1185116588.57,1550426654.35,1801395032.63,2546175760.06,2271317489.54,2101664333.3,2805806948.54,2850870046.7,3221526799.94,3222762261.33
Panamá,25900602,34700003,27970131,56744508,81590898,64179811.07,98544614.69,132811424.67,89065098.59,69976758.92,57998696.77,169639665.25,170841337.5,94968835.14,77355378.69,68349293.1,67912048.84,125493307.42,130402760.43,167637751.09,148541168.54,139843843.39,220050011.1
Bahrein,23097377,18862133,2285076,8724161,9885343,5289316.62,5992168.89,3679114.29,5687591.67,3165115.27,3349270.01,15817628.98,19704587.91,4860711.38,4183058.87,2793864.33,3954324.48,5367110.31,7932553.61,8214486.47,3326525.47,2912666.99,12561540.69
Irlanda (Eire),22657735,23566117,30892952,68623031,46011729,61372518.9,93211065.45,115800328.64,158680889.87,73650433.6,118272495.94,206600927.57,216778945.44,252821442.71,242172074.44,232014844.79,232195072.79,277206664.83,304644078.26,305734998.89,422203866.97,437595337.48,561867570.09
Omán,22475918,34527382,38164259,35054791,25776584,43688421.3,49177928.73,25413986.16,57382943.57,45077291.74,39695424.11,59002605.85,38999749.65,34300659.13,28701683.1,29219464.58,42975490.48,79076076.1,73131472.68,97672422.81,63031817.96,89019017.89,170900060.37
Kuwait,20772646,26455085,17190605,26143433,24904709,30185237.92,63266889.98,39819817.56,30226900.88,16282624.13,32313186.5,25361878.89,31342189.23,53693866.45,51839649.32,33857957.03,21976840.52,43005924.48,128703594.73,52909187.28,45579672.53,30086938.03,64337898.21
Mauricio,20053644,21449340,27943296,20704535,24505574,26439399.35,45089394.28,25793821.12,35902242.47,63724453.44,45834158.39,71839838.52,70391974.89,55351457.29,53403863.43,43292180.17,49603636.43,46504813.05,50406399.55,40380107.31,50578822.72,65956131.75,80237100.41
Noruega,19337358,16935099,15681378,13704099,22691407,29690475.31,28566644.83,24162297.79,46077543.62,23924851.85,31083145.9,41389631.72,35969230.62,20139086.71,15627472.29,16773210.19,13874362.4,17860619.38,20081688.42,22051658.82,23257887.26,20389946.39,17862159.98
Filipinas,17346402,103798473,154964356,241785212,235135275,302331829.28,287206392.29,431246120.21,561348992.51,512103836.22,439439692.78,600748288.78,302123243.99,419195441.14,663606291.93,283510958.06,357766107.94,254950115.34,308813702.56,309488491.51,215670740.02,348333171.03,519681881.45
Chipre,17108824,19528311,21088398,24924215,20494520,14873273.93,24420775.14,25636968.59,27965865.15,29893933.25,29677366.55,32700622.34,22434629.41,15884755.09,16394869.32,27574004.49,30937833.73,23945874.21,49004780.13,39997818.19,31690587.01,47286505.64,48932713.04
Haití,14644148,20117025,10898053,12035305,12988673,11556161.11,21631826.11,14665604.45,16058856.59,32213646.52,31524901.56,31489335.33,26462296.25,18014939.56,10689194.23,3926839.91,6198810.23,16477838.89,26970278.53,8618335.17,7335786.78,10661258.61,23318900.79
Rumania,12679448,12659560,8665307,15590720,14046027,18656292.11,36140982.07,81763784.4,96494230.87,37823755.32,96941762.01,59517905.07,63614804.5,122633695.28,135593795.64,68435569.75,60744456.06,75991828.77,42872424.47,41547878.03,57743675.69,146579309.82,59091473.35
Angola,11930544,18233979,29384050,64102644,80937919,139262002.85,138458144.77,165981960.6,213165279.85,163737256.0,145077389.71,221635711.86,200150929.4,128724560.26,126933267.98,59153984.54,36826855.99,37349205.2,37672044.26,37490141.18,38192166.39,96240973.38,132021674.08
Jamaica,11633598,10275499,4178285,5128756,10177750,10096281.28,16616200.51,13116527.82,14311111.38,10245317.03,7799616.98,10227614.23,10248623.86,14231141.63,4196843.37,4401090.11,4743199.47,5471450.7,5867090.1,4019084.06,4298061.51,8135361.1,33856238.35
Honduras,8068320,7392555,8605788,9826690,32437630,47574886.06,85697178.69,61500726.55,27556476.04,16677793.79,12085612.91,24086139.37,33621484.71,30711555.29,34439766.31,13690268.63,20774770.25,69478515.93,67051651.87,56194318.87,41346607.47,62226796.55,94574343.45
Bahamas,6842933,8356825,7402794,1493743,24883975,19968689.22,5196910.69,2198356.06,23187058.47,12173606.92,17408583.92,1709654.23,31802306.76,16157799.34,180223253.71,1357753.58,40989472.08,13037993.6,78594581.45,78933680.62,17887609.31,1027904.28,35139979.55
Hungría,6684246,8505225,9879259,10194412,11284555,9121977.64,10226476.5,11604815.78,14878738.1,12510127.11,8785786.13,12940127.14,11069047.4,12662816.63,9095315.57,9645694.25,9569603.89,11270776.94,11129890.11,9134445.32,9016367.67,8395404.49,8087072.72
Mozambique,6307813,15427323,11587122,18593395,48648962,31337109.13,35929349.24,59545561.95,55365749.64,19722130.82,43442182.85,102058603.18,69434695.7,42083762.61,46023095.64,66938803.39,58546087.14,82061421.1,84822184.21,104371016.72,114630969.02,230513402.11,249159167.55
Trinidad y Tobago,6244298,6466557,6515045,16039480,23890175,27070317.01,29069972.31,27632687.13,35450798.64,21746804.48,22222030.96,26609490.19,20999063.9,15176715.16,13152784.67,11537259.31,11573875.49,11346247.78,10823717.06,12122796.73,14702303.62,18942891.62,19334512.38
Senegal,5833718,14187346,23267738,15054292,21112023,29571351.28,72943269.75,56238409.52,80453881.68,79228811.05,79950586.18,101972677.62,117140396.21,53775917.85,84389313.77,66681578.62,58951394.54,80209073.39,108063806.31,90333389.38,79691265.32,158577683.48,228791318.99
Madagascar,5702473,3909475,3850681,4464012,23053580,13531985.9,14420204.94,30561240.85,38150104.91,5221090.81,4180665.5,4321617.46,4524596.07,11816035.49,13958982.64,14025353.25,13635368.0,16420699.59,2728308.3,11552144.31,836925.35,10227140.48,13013008.41
Guinea Ecuatorial,4349723,1283694,622964,774832,757461,1595137.35,1229042.89,2692008.61,3383697.48,5465956.52,5974582.22,18347123.49,29624262.68,23307923.45,24123008.05,23257814.98,2468885.58,2096988.3,1828647.66,2328849.17,2070890.38,4511546.6,1629601.6
Sri Lanka,4276742,3399063,9294286,891488,50508649,32737045.41,2524664.81,2002692.0,8333663.14,1185742.67,2469797.22,3652844.18,3371691.65,2672938.83,1912330.62,2889369.38,3816940.17,6631906.89,6453567.38,6065237.24,4381558.97,3346394.07,3044509.77
Costa de Marfil,4218664,5923216,7470613,3594979,5297242,14423086.45,11682643.23,17227107.23,35585138.77,15515956.93,21187142.82,23183983.03,25967047.74,7432815.55,36579243.39,32589593.45,21061236.69,42033180.28,62367379.85,57989910.29,49290852.0,118246614.47,133344033.72
Austria,4120604,4390137,6806252,7895368,12011567,10871146.14,9914144.67,16675953.83,18233795.57,12506645.11,14033651.1,15164896.55,14288212.01,14426843.26,14238993.83,19988496.46,12640235.68,12953160.75,12675928.42,10730575.27,6193739.41,7661951.01,11703377.75
República del Congo,4000549,4867705,11366971,21934553,35538333,42974385.03,44751904.75,54824112.62,52030807.95,74204868.23,28715262.72,47868656.91,48455381.99,41111575.91,42041880.89,31826732.1,12751465.01,15736608.41,14977095.56,24088726.76,18980351.11,32725810.81,70461219.91
Eslovenia,3284738,11840166,2694295,14044933,12464954,16162827.23,28425948.32,46256210.71,19184760.74,16920097.69,7591369.28,18084217.97,4110190.82,2259635.68,2995778.7,16957284.92,3275677.58,5037438.8,8365451.37,2800420.82,7715182.22,42570464.69,24309883.07
Bulgaria,3201417,5649097,21087876,22379670,22059618,122752485.68,75094573.67,14497345.35,16024346.53,11087568.71,77093036.94,108936959.44,100832901.85,156874370.53,104717671.26,89270839.17,38564937.47,113692047.93,23790635.42,46690341.88,36706056.74,27361373.96,23255444.22
Nicaragua,3101554,1589536,3068913,7023425,13318331,47040385.27,56434114.92,54600873.58,18254595.63,12910760.73,11606465.48,35516543.18,25979429.48,37875140.72,29431480.5,23452838.88,31357231.82,75401954.38,31168225.25,26656643.97,43950461.88,69472016.07,128354592.63
Qatar,2935688,7457157,7794980,12117785,8395654,29440745.73,19511620.9,15337823.11,16141994.45,21618865.17,5104492.01,13227786.5,8931946.48,5223049.18,12192540.59,11548194.45,8172522.71,19642031.66,24635491.3,47630506.36,32042601.71,23255053.49,41129859.53
Malta,2550525,1951664,2566161,2778893,5145271,1535914.56,4205139.32,1739181.29,5889172.5,2907730.01,1835837.55,2696285.52,1853744.57,748401.77,7425032.31,7489014.0,1094276.37,175393375.33,279616070.35,93527324.18,786360.45,2467848.03,1057418.96
Letonia,2269927,2860741,3117867,4472238,8005637,30091178.03,28447375.55,9191938.35,35267026.27,24984085.92,41777652.18,135303906.22,132045369.7,192700446.04,251221784.16,144557485.47,78844628.06,62136837.01,82317808.77,47496510.98,75870556.62,175877446.95,214685141.16
Ucrania,2185203,2961734,6687549,11735048,24646227,47135939.15,48902991.07,80169859.7,120266887.05,36443096.59,72221940.48,85130591.26,81498031.26,76852582.22,36158668.51,29262674.3,51897678.95,43873978.57,38207947.63,35857849.27,30422304.3,41205748.89,19220771.27
Liberia,1784082,51301,433933,5521434,3557408,3096569.11,3482983.63,13819430.31,7150626.29,7258633.81,4743210.96,4063844.57,4237575.17,3508350.91,1767877.42,1118904.53,1218961.22,1126020.7,1145423.96,655673.31,1517107.75,2824033.02,2697596.98
Georgia,1643169,28201,102076,516143,642403,1423171.83,3971523.24,3116014.96,6868591.62,6209114.17,12742148.11,18152336.89,15061699.35,32898214.62,10826687.27,4651792.49,2113613.99,4300715.31,7604760.32,17088554.22,10834217.9,16398537.58,21189930.5
Belice,1627208,1418518,953357,2109070,1006206,1287918.1,1897680.21,2295252.1,180304.85,234384.0,369435.43,415467.02,338571.3,843943.29,795630.77,517336.62,320722.75,838968.64,572326.75,1062703.48,805203.44,1117239.61,1107284.37
República Checa,1517352,2847559,16919667,19482270,19840826,20855144.3,22596063.1,33632890.56,49469280.42,14824408.75,23756859.77,52316424.61,42596951.1,15881877.28,52205455.13,67269256.47,88748699.47,58006381.14,53133650.2,40101808.49,19670268.04,19351684.91,18229868.84
Ghana,1425452,2268442,7193666,10368983,13176175,26138295.29,20514831.76,32366809.04,38215223.14,36685021.52,27138723.44,19073956.78,32777540.03,47940708.75,20657544.2,27898875.99,43861964.07,44216826.82,49315824.67,83482439.16,52853983.44,90228349.89,123379428.69
Kazajistán,1203441,2612940,3720650,51747,1495224,3252463.44,16929574.79,15978400.55,32019854.31,42097472.15,10212199.84,18504628.93,37959067.4,52564637.12,20034802.97,13486900.43,7600810.31,11917032.64,15713307.38,19378134.77,13413489.5,6779494.4,5513848.53
Gabón,1067255,4652734,2165177,5438454,5740492,8281368.57,12311777.19,10251128.79,13673155.32,7314860.15,5842627.95,8367892.93,9187436.2,16586197.71,8663194.68,8942684.43,5539164.03,7933112.37,5759510.64,9448767.16,5223307.83,6629421.16,5191494.51
Lituania,944202,4338159,5326838,10518692,14220273,16032017.42,14294412.47,18802964.53,29414200.59,21719204.92,25293657.14,76535427.38,164292596.75,117224841.72,59885791.52,41511101.92,45942495.89,46142527.82,37414664.97,29025711.37,36009861.9,42875177.52,40288317.57
Benin,937071,334040,1038547,1924567,3231331,2382193.04,4928096.21,4808243.55,5050869.12,2842190.17,2052158.13,5158103.86,13921886.67,3343542.75,8608717.65,5172491.14,2880430.09,2283463.18,1017602.97,1606202.64,1255076.65,3400223.15,5147065.13
Barbados,728571,541494,11467450,908511,2520792,2372476.39,1646774.59,2204434.49,2371348.27,2039118.36,2534348.39,3513491.29,2176825.59,1270600.45,1503545.36,855234.88,762573.38,694408.44,540950.37,645374.06,401249.09,646764.0,1023064.46
Estonia,712842,651970,4055677,4058327,3459400,4375190.3,5248203.36,6298833.02,6177942.0,5051704.69,7888661.07,6481730.82,9468821.88,9513202.42,5851533.26,5872942.88,4000237.11,1683186.89,918227.0,1625665.67,1399564.64,1431454.82,6198862.96
Surinam,538885,857961,1044499,2354926,3408840,3712958.83,4326930.33,5366794.53,9725758.12,6734140.0,8933791.0,11606820.18,10146396.16,9889246.89,7952801.87,5765640.01,3364234.58,4736443.08,4976852.62,3504920.94,663567.07,3084256.21,2350029.53
Bielorrusia,526180,306430,665824,852862,2752131,4307237.28,4904449.23,9480340.68,6725872.44,4358623.29,5781814.5,6642485.68,7142129.46,9489682.43,9322398.93,5396301.02,20022235.27,71962416.91,51798963.13,20364401.55,87130174.17,143798842.48,63535325.18
Macedonia,374908,547859,296560,822981,1945321,1670038.23,2714964.22,2530836.56,3543614.44,3814754.49,3296438.58,5258762.52,4945674.42,4453129.35,5041014.17,6461751.73,5570321.75,6222300.4,6838829.98,4568798.3,6581826.34,7627469.08,6198796.64
República Democrática del Congo,285179,1684140,1975028,473490,16954708,12741978.53,35314366.74,27292179.95,45487429.45,20698866.53,29560857.38,38971139.63,40670638.07,22395797.82,19701387.12,11346530.64,11080630.23,15349130.91,12608327.11,13736000.95,16684893.75,7603285.34,33557819.41
Islandia,248131,197203,84179,234820,371353,810544.82,978666.19,1638460.38,2061048.54,2330648.86,1532234.63,2291726.81,29411498.87,2084400.67,1464488.54,1523153.8,1980604.91,2048995.03,4378065.35,2527293.32,2127806.71,2918110.03,2916904.15
Granada,190648,203240,239261,394256,589853,347831.12,507242.42,565094.23,732344.24,501069.49,499232.8,611030.31,420779.26,335881.16,335476.6,354780.76,305039.15,343444.3,96422.39,316841.5,209172.26,229283.84,272071.27
Togo,184380,541376,281328,1262474,2035760,4018349.95,9399956.92,7596204.38,4656952.12,2677256.11,2578863.45,3183701.92,4511051.89,1696525.0,492943.4,274398.22,220303.35,318031.98,20141605.19,344305.2,6826708.82,28738724.12,6572132.0
Malí,152250,96850,2500590,450935,1167347,1446929.8,4752334.43,1733438.98,2428867.35,2808097.75,1754108.88,13384053.33,3829199.11,4525975.48,3653360.75,1941241.17,876139.12,13005346.87,2101504.56,4914451.99,2017674.96,12388871.08,15988606.01
Bosnia y Herzegovina,150690,212224,396059,835894,4671425,12563798.6,3222659.42,5914706.77,10573871.96,7885365.98,5572674.43,10616712.12,4940444.86,4987116.61,3843542.35,4043810.04,3707021.93,2922987.34,8553876.13,8023686.05,3637333.49,10498662.23,22165411.83
Mauritania,145843,617570,1346714,291530,3682431,4115063.35,1832206.71,10417893.08,3386684.0,1180399.83,1295380.0,16806617.55,37624882.55,5726541.55,4021371.84,738077.22,6069739.84,5663795.34,26698781.42,8686396.85,380749.44,25903939.42,61325265.51
Eslovaquia,140091,170626,272886,722103,38581,272574.09,2604811.48,3839980.1,689334.24,1629672.67,1296311.16,3747045.57,2598956.22,1941733.74,3554910.55,4423335.78,23671314.63,29807775.19,24986222.9,34997844.26,16566307.96,14088658.65,9839785.32
Antigua y Barbuda,138012,120659,1387970,57791,172606,552112.08,404556.64,192473.24,351527.73,408042.06,450015.99,598713.42,587754.42,518041.88,548819.52,434439.69,271189.73,243298.09,188404.77,109273.2,239713.69,236500.84,326777.35
Santa Lucía,135975,29550,329437,1033494,1127919,39611504.18,557291.7,968653.88,707618.16,796532.11,1178845.87,912860.02,120479525.37,652856.67,724912.45,425703.15,719695.29,8546842.71,286287.45,227499.36,108754.38,307219.43,175236.57
Camboya,134834,827286,445910,178062,1237919,1816283.81,1736468.54,2986275.68,4167946.58,6568739.15,11135500.31,14627886.19,14076811.99,16306148.55,14710702.63,9920422.65,17125765.83,14824076.8,11235703.99,14332390.58,5759613.59,5124527.7,7046863.53
Guyana,106640,163650,651824,1476792,1210654,1588221.02,2245631.18,1977168.58,3997344.82,928102.32,618015.48,1787152.41,2946469.05,1042163.74,2409285.75,2209542.79,2661510.6,3635340.06,8975860.88,4351099.72,4284527.14,4809357.65,5331628.5
Croacia,73599,2582965,5169504,8232469,22106293,19216058.82,36717119.29,41448792.66,43842589.34,27503648.93,27613862.43,40906228.86,36852627.94,22612834.34,120772375.01,129676891.6,77661631.78,61900401.3,33545449.75,33409581.11,24265038.43,42800455.15,45698934.3
Sierra Leona,49250,383483,502639,1031001,3827400,3220716.3,8154421.37,6336951.88,7307102.07,4577166.05,1696982.07,3888732.35,2769920.41,3213486.19,6787051.55,1511368.3,1071357.34,452828.48,529647.54,549254.39,739655.07,2311614.9,374994.52
Nepal,42426,87378,96820,2399904,665495,117230.44,99923.26,26954.5,32807.92,165109.56,245788.98,5507077.59,162810.5,2205294.91,4360966.32,6833489.31,6591037.94,4479371.42,2943620.77,1993041.0,2972571.54,10876507.59,7379710.98
Myanmar,16469,19899,157,60692,108423,40036.0,120290.04,369257.51,226002.18,486929.86,442344.62,468242.03,841229.9,2605425.39,5195003.37,15670152.66,7515389.28,4897871.33,2618395.97,2026550.94,15913676.96,31609812.6,39958727.77
Uganda,1100,98730,181727,258733,1723551,744724.7,2322551.27,5884099.64,6054417.04,3222146.66,5600615.91,8439586.35,18930739.43,2800748.06,163935.98,2370690.27,9915140.8,35275376.75,14225692.56,38175025.29,30905549.9,57304789.65,42118337.29
